<?xml version="1.0" encoding="UTF-8"?>
<root>
  <item name="com.otaliastudios.transcoder.internal.utils.Logger void setLogLevel(int) 0">
    <annotation name="androidx.annotation.IntDef">
      <val name="value" val="{com.otaliastudios.transcoder.internal.utils.Logger.LEVEL_VERBOSE, com.otaliastudios.transcoder.internal.utils.Logger.LEVEL_INFO, com.otaliastudios.transcoder.internal.utils.Logger.LEVEL_WARNING, com.otaliastudios.transcoder.internal.utils.Logger.LEVEL_ERROR}" />
    </annotation>
  </item>
  <item name="com.otaliastudios.transcoder.internal.utils.Logger.LogLevel">
    <annotation name="androidx.annotation.IntDef">
      <val name="value" val="{com.otaliastudios.transcoder.internal.utils.Logger.LEVEL_VERBOSE, com.otaliastudios.transcoder.internal.utils.Logger.LEVEL_INFO, com.otaliastudios.transcoder.internal.utils.Logger.LEVEL_WARNING, com.otaliastudios.transcoder.internal.utils.Logger.LEVEL_ERROR}" />
    </annotation>
  </item>
</root>

